#------------------------------------------------------------
#        Script MySQL.
#------------------------------------------------------------


#------------------------------------------------------------
# Table: Promotion
#------------------------------------------------------------

CREATE TABLE SWS_PROMOTIONS(
        ID              Int  Auto_increment  NOT NULL ,
        START_DATE      Date NOT NULL ,
        END_DATE        Date NOT NULL ,
        AVAILABLE_SPOTS Int ,
        NAME            Varchar (50) NOT NULL
	,CONSTRAINT AK_SWS_PROMOTIONS UNIQUE (NAME)
	,CONSTRAINT PK_SWS_PROMOTIONS PRIMARY KEY (ID)
)ENGINE=InnoDB;
INSERT INTO SWS_PROMOTIONS(ID, START_DATE, END_DATE, AVAILABLE_SPOTS, NAME) VALUES (1, '2024-01-01', '2024-10-22', 11, 'DWWM1');
INSERT INTO SWS_PROMOTIONS(ID, START_DATE, END_DATE, AVAILABLE_SPOTS, NAME) VALUES (2, '2024-01-08', '2024-10-29', 10, 'DWWM2');
INSERT INTO SWS_PROMOTIONS(ID, START_DATE, END_DATE, AVAILABLE_SPOTS, NAME) VALUES (3, '2024-01-15', '2024-11-05', 10, 'DWWM3');


#------------------------------------------------------------
# Table: Class
#------------------------------------------------------------

CREATE TABLE SWS_CLASSES(
        ID           Int  Auto_increment  NOT NULL ,
        START_TIME   Datetime NOT NULL ,
        END_TIME     Datetime NOT NULL ,
        CODE         Int NULL ,
        ID_PROMOTION Int NOT NULL
	,CONSTRAINT PK_SWS_CLASSES PRIMARY KEY (ID)

	,CONSTRAINT FK_SWS_CLASSES_SWS_PROMOTIONS FOREIGN KEY (ID_PROMOTION) REFERENCES SWS_PROMOTIONS(ID)
)ENGINE=InnoDB;
INSERT INTO SWS_CLASSES(ID, START_TIME, END_TIME, CODE, ID_PROMOTION) VALUES (1, CONCAT(CURDATE(), ' 09:00:00'), CONCAT(CURDATE(), ' 12:00:00'), NULL, 1);
INSERT INTO SWS_CLASSES(ID, START_TIME, END_TIME, CODE, ID_PROMOTION) VALUES (2, CONCAT(CURDATE(), ' 14:00:00'), CONCAT(CURDATE(), ' 17:00:00'), NULL, 1);
INSERT INTO SWS_CLASSES(ID, START_TIME, END_TIME, CODE, ID_PROMOTION) VALUES (3, CONCAT(CURDATE(), ' 09:00:00'), CONCAT(CURDATE(), ' 12:00:00'), NULL, 2);
INSERT INTO SWS_CLASSES(ID, START_TIME, END_TIME, CODE, ID_PROMOTION) VALUES (4, CONCAT(CURDATE(), ' 14:00:00'), CONCAT(CURDATE(), ' 17:00:00'), NULL, 2);
INSERT INTO SWS_CLASSES(ID, START_TIME, END_TIME, CODE, ID_PROMOTION) VALUES (5, CONCAT(CURDATE(), ' 09:00:00'), CONCAT(CURDATE(), ' 12:00:00'), NULL, 3);
INSERT INTO SWS_CLASSES(ID, START_TIME, END_TIME, CODE, ID_PROMOTION) VALUES (6, CONCAT(CURDATE(), ' 14:00:00'), CONCAT(CURDATE(), ' 17:00:00'), NULL, 3);



#------------------------------------------------------------
# Table: Role
#------------------------------------------------------------

CREATE TABLE SWS_ROLES(
        ID   Int  Auto_increment  NOT NULL ,
        NAME Varchar (50) NOT NULL
	,CONSTRAINT AK_SWS_ROLES UNIQUE (NAME)
	,CONSTRAINT PK_SWS_ROLES PRIMARY KEY (ID)
)ENGINE=InnoDB;
INSERT INTO SWS_ROLES(ID, NAME) VALUES (1, 'apprenant');
INSERT INTO SWS_ROLES(ID, NAME) VALUES (2, 'formateur');


#------------------------------------------------------------
# Table: User
#------------------------------------------------------------

CREATE TABLE SWS_USERS(
        ID         Int  Auto_increment  NOT NULL ,
        FIRST_NAME Varchar (50) NOT NULL ,
        LAST_NAME  Varchar (50) NOT NULL ,
        PASSWORD   Varchar (255) ,
        ACTIVATED  Bool NOT NULL ,
        MAIL       Varchar (80) NOT NULL ,
        ID_ROLE    Int NOT NULL
	,CONSTRAINT AK_SWS_USERS UNIQUE (MAIL)
	,CONSTRAINT PK_SWS_USERS PRIMARY KEY (ID)

	,CONSTRAINT FK_SWS_USERS_SWS_ROLES FOREIGN KEY (ID_ROLE) REFERENCES SWS_ROLES(ID)
)ENGINE=InnoDB;
INSERT INTO SWS_USERS(ID, FIRST_NAME, LAST_NAME, PASSWORD, ACTIVATED, MAIL, ID_ROLE) VALUES (1, 'Form', 'Ateur', '$2y$10$0ApJytUh5LhH5cG/kOtS8OdLoUWa3bc30gB9oc7B4UPlp8tKvwvS6', 1, 'formateur@simplon.fr', 2);
INSERT INTO SWS_USERS(ID, FIRST_NAME, LAST_NAME, PASSWORD, ACTIVATED, MAIL, ID_ROLE) VALUES (2, 'Lucille', 'Lambert', '$2y$10$0ApJytUh5LhH5cG/kOtS8OdLoUWa3bc30gB9oc7B4UPlp8tKvwvS6', 1, 'lucille-lambert@simplon.fr', 1);
INSERT INTO SWS_USERS(ID, FIRST_NAME, LAST_NAME, PASSWORD, ACTIVATED, MAIL, ID_ROLE) VALUES (3, 'Anne', 'Dupont', '$2y$10$0ApJytUh5LhH5cG/kOtS8OdLoUWa3bc30gB9oc7B4UPlp8tKvwvS6', 1, 'anne-dupont@simplon.fr', 1);
INSERT INTO SWS_USERS(ID, FIRST_NAME, LAST_NAME, PASSWORD, ACTIVATED, MAIL, ID_ROLE) VALUES (4, 'Paul', 'Durand', '$2y$10$0ApJytUh5LhH5cG/kOtS8OdLoUWa3bc30gB9oc7B4UPlp8tKvwvS6', 1, 'paul-durand@simplon.fr', 1);
INSERT INTO SWS_USERS(ID, FIRST_NAME, LAST_NAME, PASSWORD, ACTIVATED, MAIL, ID_ROLE) VALUES (5, 'Jean', 'Martin', '$2y$10$0ApJytUh5LhH5cG/kOtS8OdLoUWa3bc30gB9oc7B4UPlp8tKvwvS6', 1, 'jean-martin@simplon.fr', 1);
INSERT INTO SWS_USERS(ID, FIRST_NAME, LAST_NAME, PASSWORD, ACTIVATED, MAIL, ID_ROLE) VALUES (6, 'Lucie', 'Leroy', '$2y$10$0ApJytUh5LhH5cG/kOtS8OdLoUWa3bc30gB9oc7B4UPlp8tKvwvS6', 1, 'lucie-leroy@simplon.fr', 1);
INSERT INTO SWS_USERS(ID, FIRST_NAME, LAST_NAME, PASSWORD, ACTIVATED, MAIL, ID_ROLE) VALUES (7, 'Pierre', 'Lamontagne', '$2y$10$0ApJytUh5LhH5cG/kOtS8OdLoUWa3bc30gB9oc7B4UPlp8tKvwvS6', 1, 'pierre-lamontagne@simplon.fr', 1);
INSERT INTO SWS_USERS(ID, FIRST_NAME, LAST_NAME, PASSWORD, ACTIVATED, MAIL, ID_ROLE) VALUES (8, 'Sophie', 'Duclos', '$2y$10$0ApJytUh5LhH5cG/kOtS8OdLoUWa3bc30gB9oc7B4UPlp8tKvwvS6', 1, 'sophie-duclos@simplon.fr', 1);
INSERT INTO SWS_USERS(ID, FIRST_NAME, LAST_NAME, PASSWORD, ACTIVATED, MAIL, ID_ROLE) VALUES (9, 'Charles', 'Deschamps', '$2y$10$0ApJytUh5LhH5cG/kOtS8OdLoUWa3bc30gB9oc7B4UPlp8tKvwvS6', 1, 'charles-deschamps@simplon.fr', 1);
INSERT INTO SWS_USERS(ID, FIRST_NAME, LAST_NAME, PASSWORD, ACTIVATED, MAIL, ID_ROLE) VALUES (10, 'Marie', 'Vidal', '$2y$10$0ApJytUh5LhH5cG/kOtS8OdLoUWa3bc30gB9oc7B4UPlp8tKvwvS6', 1, 'marie-vidal@simplon.fr', 1);
INSERT INTO SWS_USERS(ID, FIRST_NAME, LAST_NAME, PASSWORD, ACTIVATED, MAIL, ID_ROLE) VALUES (11, 'Pierre', 'Leblanc', '$2y$10$0ApJytUh5LhH5cG/kOtS8OdLoUWa3bc30gB9oc7B4UPlp8tKvwvS6', 1, 'pierre-leblanc@simplon.fr', 1);
INSERT INTO SWS_USERS(ID, FIRST_NAME, LAST_NAME, PASSWORD, ACTIVATED, MAIL, ID_ROLE) VALUES (12, 'Sara', 'Dupont', '$2y$10$0ApJytUh5LhH5cG/kOtS8OdLoUWa3bc30gB9oc7B4UPlp8tKvwvS6', 1, 'sara-dupont@simplon.fr', 1);
INSERT INTO SWS_USERS(ID, FIRST_NAME, LAST_NAME, PASSWORD, ACTIVATED, MAIL, ID_ROLE) VALUES (13, 'Mathieu', 'Petit', '$2y$10$0ApJytUh5LhH5cG/kOtS8OdLoUWa3bc30gB9oc7B4UPlp8tKvwvS6', 1, 'mathieu-petit@simplon.fr', 1);
INSERT INTO SWS_USERS(ID, FIRST_NAME, LAST_NAME, PASSWORD, ACTIVATED, MAIL, ID_ROLE) VALUES (14, 'Anaïs', 'Dumont', '$2y$10$0ApJytUh5LhH5cG/kOtS8OdLoUWa3bc30gB9oc7B4UPlp8tKvwvS6', 1, 'anais-dumont@simplon.fr', 1);
INSERT INTO SWS_USERS(ID, FIRST_NAME, LAST_NAME, PASSWORD, ACTIVATED, MAIL, ID_ROLE) VALUES (15, 'Pauline', 'Renault', '$2y$10$0ApJytUh5LhH5cG/kOtS8OdLoUWa3bc30gB9oc7B4UPlp8tKvwvS6', 1, 'pauline-renault@simplon.fr', 1);




#------------------------------------------------------------
# Table: SWS_RELATION_USER_PROMOTION
#------------------------------------------------------------

CREATE TABLE SWS_RELATION_USER_PROMOTION(
        ID_PROMOTION    Int NOT NULL ,
        ID_USER         Int NOT NULL
	,CONSTRAINT PK_SWS_RELATION_USER_PROMOTION PRIMARY KEY (ID_PROMOTION,ID_USER)

	,CONSTRAINT FK_SWS_RELATION_USER_PROMOTION_SWS_PROMOTIONS FOREIGN KEY (ID_PROMOTION) REFERENCES SWS_PROMOTIONS(ID)
	,CONSTRAINT FK_SWS_RELATION_USER_PROMOTION_SWS_USERS0 FOREIGN KEY (ID_USER) REFERENCES SWS_USERS(ID)
)ENGINE=InnoDB;
INSERT INTO SWS_RELATION_USER_PROMOTION(ID_PROMOTION, ID_USER) VALUES (1, 1);
INSERT INTO SWS_RELATION_USER_PROMOTION(ID_PROMOTION, ID_USER) VALUES (1, 2);
INSERT INTO SWS_RELATION_USER_PROMOTION(ID_PROMOTION, ID_USER) VALUES (1, 3);
INSERT INTO SWS_RELATION_USER_PROMOTION(ID_PROMOTION, ID_USER) VALUES (2, 4);
INSERT INTO SWS_RELATION_USER_PROMOTION(ID_PROMOTION, ID_USER) VALUES (2, 5);
INSERT INTO SWS_RELATION_USER_PROMOTION(ID_PROMOTION, ID_USER) VALUES (2, 6);
INSERT INTO SWS_RELATION_USER_PROMOTION(ID_PROMOTION, ID_USER) VALUES (3, 7);
INSERT INTO SWS_RELATION_USER_PROMOTION(ID_PROMOTION, ID_USER) VALUES (3, 8);
INSERT INTO SWS_RELATION_USER_PROMOTION(ID_PROMOTION, ID_USER) VALUES (3, 9);
INSERT INTO SWS_RELATION_USER_PROMOTION(ID_PROMOTION, ID_USER) VALUES (1, 10);
INSERT INTO SWS_RELATION_USER_PROMOTION(ID_PROMOTION, ID_USER) VALUES (2, 11);
INSERT INTO SWS_RELATION_USER_PROMOTION(ID_PROMOTION, ID_USER) VALUES (3, 12);
INSERT INTO SWS_RELATION_USER_PROMOTION(ID_PROMOTION, ID_USER) VALUES (1, 13);
INSERT INTO SWS_RELATION_USER_PROMOTION(ID_PROMOTION, ID_USER) VALUES (2, 14);
INSERT INTO SWS_RELATION_USER_PROMOTION(ID_PROMOTION, ID_USER) VALUES (3, 15);



#------------------------------------------------------------
# Table: SWS_RELATION_USER_CLASS
#------------------------------------------------------------

CREATE TABLE SWS_RELATION_USER_CLASS(
        ID_CLASS Int NOT NULL ,
        ID_USER  Int NOT NULL ,
        STATUS   Int NOT NULL
	,CONSTRAINT PK_SWS_RELATION_USER_CLASS PRIMARY KEY (ID_CLASS,ID_USER)

	,CONSTRAINT FK_SWS_RELATION_USER_CLASS_SWS_CLASSES FOREIGN KEY (ID_CLASS) REFERENCES SWS_CLASSES(ID)
	,CONSTRAINT FK_SWS_RELATION_USER_CLASS_SWS_USERS0 FOREIGN KEY (ID_USER) REFERENCES SWS_USERS(ID)
)ENGINE=InnoDB;
INSERT INTO SWS_RELATION_USER_CLASS(ID_CLASS, ID_USER, STATUS) VALUES (3, 14, 2);
INSERT INTO SWS_RELATION_USER_CLASS(ID_CLASS, ID_USER, STATUS) VALUES (4, 14, 2);